Name,ID,Age,Math Score,Physical Score,Chemistry Score,Average Score
Hoa,0,20,6.0,4.0,5.0,5.0
Lan,1,21,7.0,4.0,5.0,5.333333333333333
Hương,2,29,8.0,6.0,1.0,5.0
Thủy,3,28,10.0,7.0,9.0,8.666666666666666
Hường,4,27,5.0,8.0,8.0,7.0
Lan,5,22,4.0,9.0,10.0,7.666666666666667
Anh,6,25,3.0,10.0,5.0,6.0
Chi tử,7,20,6.0,8.0,7.0,7.0